{"cameraMode":{"drawMode":0,"name":"Shaded","section":"Shading Mode"},"sceneLighting":true,"audioPlay":false,"sceneViewState":{"showFog":true,"showMaterialUpdate":true,"showSkybox":true,"showFlares":true,"showImageEffects":true,"showParticleSystems":true},"in2DMode":false,"pivot":{"x":17.345735549926759,"y":0.2821209728717804,"z":-1.6062952280044556},"rotation":{"x":0.06166299805045128,"y":0.059849150478839877,"z":-0.0036632900591939689,"w":0.9963173270225525},"size":6.611029148101807,"orthographic":false}