{"cameraMode":{"drawMode":0,"name":"Shaded","section":"Shading Mode"},"sceneLighting":false,"audioPlay":false,"sceneViewState":{"showFog":true,"showMaterialUpdate":true,"showSkybox":false,"showFlares":true,"showImageEffects":true,"showParticleSystems":true},"in2DMode":false,"pivot":{"x":18.81999969482422,"y":0.7725872993469238,"z":0.07263684272766113},"rotation":{"x":0.21726706624031068,"y":0.2514462172985077,"z":-0.05799750238656998,"w":0.9414079785346985},"size":7.387418746948242,"orthographic":false}