{"cameraMode":{"drawMode":0,"name":"Shaded","section":"Shading Mode"},"sceneLighting":false,"audioPlay":false,"sceneViewState":{"showFog":true,"showMaterialUpdate":true,"showSkybox":false,"showFlares":true,"showImageEffects":true,"showParticleSystems":true},"in2DMode":false,"pivot":{"x":-0.5142462849617004,"y":0.02681434154510498,"z":-0.5100598931312561},"rotation":{"x":-0.055281177163124087,"y":-0.470158189535141,"z":-0.029480546712875367,"w":0.880381166934967},"size":1.8000571727752686,"orthographic":false}